Town,County,Population observed,,,Population projected,,,,Percent change from previous period,,,,,,Total percent change
,,2012,2017,2022,2027,2032,2037,2042,2012-2017,2017-2022,2022-2027,2027-2032,2032-2037,2037-2042,2022-2042
Auburn,Androscoggin,"23,108","23,601","24,369","24,494","24,465","24,228","23,819",2.1%,3.3%,0.5%,-0.1%,-1.0%,-1.7%,-2.3%
Durham,Androscoggin,"3,911","4,054","4,255","4,370","4,460","4,514","4,535",3.7%,5.0%,2.7%,2.1%,1.2%,0.5%,6.6%
Greene,Androscoggin,"4,347","4,369","4,409","4,349","4,271","4,155","4,011",0.5%,0.9%,-1.4%,-1.8%,-2.7%,-3.5%,-9.0%
Leeds,Androscoggin,"2,307","2,265","2,289","2,264","2,232","2,181","2,114",-1.8%,1.1%,-1.1%,-1.4%,-2.3%,-3.1%,-7.6%
Lewiston,Androscoggin,"36,640","36,624","38,512","40,029","41,328","42,287","42,938",0.0%,5.2%,3.9%,3.2%,2.3%,1.5%,11.5%
Lisbon,Androscoggin,"9,095","9,349","9,738","9,838","9,845","9,769","9,623",2.8%,4.2%,1.0%,0.1%,-0.8%,-1.5%,-1.2%
Livermore,Androscoggin,"2,086","2,110","2,167","2,187","2,196","2,187","2,162",1.2%,2.7%,0.9%,0.4%,-0.4%,-1.1%,-0.2%
Livermore Falls,Androscoggin,"3,141","3,080","3,069","2,995","2,905","2,790","2,656",-1.9%,-0.4%,-2.4%,-3.0%,-4.0%,-4.8%,-13.5%
Mechanic Falls,Androscoggin,"3,040","3,067","3,116","3,091","3,047","2,976","2,885",0.9%,1.6%,-0.8%,-1.4%,-2.3%,-3.1%,-7.4%
Minot,Androscoggin,"2,637","2,718","2,788","2,794","2,780","2,744","2,687",3.1%,2.6%,0.2%,-0.5%,-1.3%,-2.1%,-3.6%
Poland,Androscoggin,"5,466","5,759","5,948","5,985","5,978","5,919","5,819",5.4%,3.3%,0.6%,-0.1%,-1.0%,-1.7%,-2.2%
Sabattus,Androscoggin,"5,005","4,999","5,104","5,106","5,080","5,010","4,905",-0.1%,2.1%,0.0%,-0.5%,-1.4%,-2.1%,-3.9%
Turner,Androscoggin,"5,707","5,748","5,849","5,851","5,802","5,704","5,565",0.7%,1.8%,0.0%,-0.8%,-1.7%,-2.4%,-4.9%
Wales,Androscoggin,"1,597","1,599","1,612","1,605","1,588","1,558","1,517",0.1%,0.8%,-0.4%,-1.1%,-1.9%,-2.6%,-5.9%
Allagash,Aroostook,239,236,236,237,236,233,228,-1.3%,0.0%,0.4%,-0.4%,-1.3%,-2.1%,-3.4%
Amity,Aroostook,243,248,251,253,251,248,242,2.1%,1.2%,0.8%,-0.8%,-1.2%,-2.4%,-3.6%
Ashland,Aroostook,"1,277","1,213","1,205","1,209","1,202","1,185","1,159",-5.0%,-0.7%,0.3%,-0.6%,-1.4%,-2.2%,-3.8%
Bancroft,Aroostook,69,59,55,49,44,39,33,-14.5%,-6.8%,-10.9%,-10.2%,-11.4%,-15.4%,-40.0%
Blaine,Aroostook,717,676,669,669,665,655,640,-5.7%,-1.0%,0.0%,-0.6%,-1.5%,-2.3%,-4.3%
Bridgewater,Aroostook,592,547,529,517,502,482,460,-7.6%,-3.3%,-2.3%,-2.9%,-4.0%,-4.6%,-13.0%
Caribou,Aroostook,"7,997","7,516","7,438","7,487","7,472","7,387","7,249",-6.0%,-1.0%,0.7%,-0.2%,-1.1%,-1.9%,-2.5%
Castle Hill,Aroostook,412,380,373,369,364,355,344,-7.8%,-1.8%,-1.1%,-1.4%,-2.5%,-3.1%,-7.8%
Caswell,Aroostook,301,296,294,294,292,287,280,-1.7%,-0.7%,0.0%,-0.7%,-1.7%,-2.4%,-4.8%
Central Aroostook UT,Aroostook,180,166,162,159,154,149,142,-7.8%,-2.4%,-1.9%,-3.1%,-3.2%,-4.7%,-12.3%
Chapman,Aroostook,473,475,499,532,558,578,593,0.4%,5.1%,6.6%,4.9%,3.6%,2.6%,18.8%
Connor UT,Aroostook,449,427,422,420,415,406,394,-4.9%,-1.2%,-0.5%,-1.2%,-2.2%,-3.0%,-6.6%
Crystal,Aroostook,265,254,250,248,245,239,232,-4.2%,-1.6%,-0.8%,-1.2%,-2.4%,-2.9%,-7.2%
Cyr plantation,Aroostook,98,86,79,74,68,62,56,-12.2%,-8.1%,-6.3%,-8.1%,-8.8%,-9.7%,-29.1%
Dyer Brook,Aroostook,210,209,214,219,221,220,218,-0.5%,2.4%,2.3%,0.9%,-0.5%,-0.9%,1.9%
Eagle Lake,Aroostook,847,799,767,738,706,667,625,-5.7%,-4.0%,-3.8%,-4.3%,-5.5%,-6.3%,-18.5%
Easton,Aroostook,"1,295","1,301","1,324","1,351","1,363","1,362","1,351",0.5%,1.8%,2.0%,0.9%,-0.1%,-0.8%,2.0%
Fort Fairfield,Aroostook,"3,442","3,344","3,329","3,337","3,317","3,265","3,190",-2.8%,-0.4%,0.2%,-0.6%,-1.6%,-2.3%,-4.2%
Fort Kent,Aroostook,"4,116","4,046","4,212","4,374","4,521","4,621","4,682",-1.7%,4.1%,3.8%,3.4%,2.2%,1.3%,11.2%
Frenchville,Aroostook,"1,073","1,028","1,050","1,043","1,027","1,002",970,-4.2%,2.1%,-0.7%,-1.5%,-2.4%,-3.2%,-7.6%
Garfield plantation,Aroostook,80,79,80,80,80,79,77,-1.3%,1.3%,0.0%,0.0%,-1.3%,-2.5%,-3.8%
Grand Isle,Aroostook,444,389,367,348,328,307,284,-12.4%,-5.7%,-5.2%,-5.7%,-6.4%,-7.5%,-22.6%
Hamlin,Aroostook,206,178,164,155,145,135,124,-13.6%,-7.9%,-5.5%,-6.5%,-6.9%,-8.1%,-24.4%
Hammond,Aroostook,112,99,95,94,92,90,87,-11.6%,-4.0%,-1.1%,-2.1%,-2.2%,-3.3%,-8.4%
Haynesville,Aroostook,117,106,103,104,104,103,101,-9.4%,-2.8%,1.0%,0.0%,-1.0%,-1.9%,-1.9%
Hersey,Aroostook,80,72,76,84,91,97,102,-10.0%,5.6%,10.5%,8.3%,6.6%,5.2%,34.2%
Hodgdon,Aroostook,"1,303","1,298","1,306","1,321","1,328","1,322","1,305",-0.4%,0.6%,1.1%,0.5%,-0.5%,-1.3%,-0.1%
Houlton,Aroostook,"6,124","6,004","6,077","6,190","6,238","6,225","6,166",-2.0%,1.2%,1.9%,0.8%,-0.2%,-0.9%,1.5%
Island Falls,Aroostook,825,774,762,757,747,730,708,-6.2%,-1.6%,-0.7%,-1.3%,-2.3%,-3.0%,-7.1%
Limestone,Aroostook,"2,130","1,733","1,519","1,519","1,507","1,481","1,444",-18.6%,-12.3%,0.0%,-0.8%,-1.7%,-2.5%,-4.9%
Linneus,Aroostook,975,943,955,970,978,977,968,-3.3%,1.3%,1.6%,0.8%,-0.1%,-0.9%,1.4%
Littleton,Aroostook,"1,052","1,010","1,011","1,017","1,016","1,006",989,-4.0%,0.1%,0.6%,-0.1%,-1.0%,-1.7%,-2.2%
Ludlow,Aroostook,412,424,450,476,499,517,530,2.9%,6.1%,5.8%,4.8%,3.6%,2.5%,17.8%
Macwahoc plantation,Aroostook,77,67,63,59,55,51,47,-13.0%,-6.0%,-6.3%,-6.8%,-7.3%,-7.8%,-25.4%
Madawaska,Aroostook,"4,003","3,840","3,858","3,856","3,819","3,746","3,648",-4.1%,0.5%,-0.1%,-1.0%,-1.9%,-2.6%,-5.4%
Mapleton,Aroostook,"1,934","1,887","1,895","1,919","1,925","1,911","1,884",-2.4%,0.4%,1.3%,0.3%,-0.7%,-1.4%,-0.6%
Mars Hill,Aroostook,"1,450","1,403","1,340","1,286","1,221","1,146","1,065",-3.2%,-4.5%,-4.0%,-5.1%,-6.1%,-7.1%,-20.5%
Masardis,Aroostook,239,214,205,199,192,183,174,-10.5%,-4.2%,-2.9%,-3.5%,-4.7%,-4.9%,-15.1%
Merrill,Aroostook,260,223,210,198,188,176,163,-14.2%,-5.8%,-5.7%,-5.1%,-6.4%,-7.4%,-22.4%
Monticello,Aroostook,783,742,734,728,716,698,675,-5.2%,-1.1%,-0.8%,-1.6%,-2.5%,-3.3%,-8.0%
Moro plantation,Aroostook,39,42,44,47,49,51,52,7.7%,4.8%,6.8%,4.3%,4.1%,2.0%,18.2%
Nashville plantation,Aroostook,42,32,26,26,26,25,25,-23.8%,-18.8%,0.0%,0.0%,-3.8%,0.0%,-3.8%
New Canada,Aroostook,319,311,314,320,325,326,324,-2.5%,1.0%,1.9%,1.6%,0.3%,-0.6%,3.2%
New Limerick,Aroostook,525,547,571,596,612,621,625,4.2%,4.4%,4.4%,2.7%,1.5%,0.6%,9.5%
New Sweden,Aroostook,597,588,574,564,549,529,507,-1.5%,-2.4%,-1.7%,-2.7%,-3.6%,-4.2%,-11.7%
Oakfield,Aroostook,721,678,666,660,649,632,611,-6.0%,-1.8%,-0.9%,-1.7%,-2.6%,-3.3%,-8.3%
Orient,Aroostook,148,153,156,158,158,157,154,3.4%,2.0%,1.3%,0.0%,-0.6%,-1.9%,-1.3%
Perham,Aroostook,378,372,373,377,378,375,370,-1.6%,0.3%,1.1%,0.3%,-0.8%,-1.3%,-0.8%
Portage Lake,Aroostook,385,363,364,372,376,377,374,-5.7%,0.3%,2.2%,1.1%,0.3%,-0.8%,2.7%
Presque Isle,Aroostook,"9,484","8,965","8,688","8,430","8,115","7,729","7,301",-5.5%,-3.1%,-3.0%,-3.7%,-4.8%,-5.5%,-16.0%
Reed plantation,Aroostook,150,133,126,121,116,110,104,-11.3%,-5.3%,-4.0%,-4.1%,-5.2%,-5.5%,-17.5%
St. Agatha,Aroostook,746,726,737,752,762,764,760,-2.7%,1.5%,2.0%,1.3%,0.3%,-0.5%,3.1%
St. Franics,Aroostook,475,447,436,428,418,403,387,-5.9%,-2.5%,-1.8%,-2.3%,-3.6%,-4.0%,-11.2%
St. John plantation,Aroostook,268,263,266,269,270,269,265,-1.9%,1.1%,1.1%,0.4%,-0.4%,-1.5%,-0.4%
Sherman,Aroostook,839,816,815,821,819,809,794,-2.7%,-0.1%,0.7%,-0.2%,-1.2%,-1.9%,-2.6%
Smyrna,Aroostook,446,440,455,477,496,511,520,-1.3%,3.4%,4.8%,4.0%,3.0%,1.8%,14.3%
South Aroostook UT,Aroostook,599,581,581,583,580,572,560,-3.0%,0.0%,0.3%,-0.5%,-1.4%,-2.1%,-3.6%
Square Lake UT,Aroostook,616,666,702,740,766,783,795,8.1%,5.4%,5.4%,3.5%,2.2%,1.5%,13.2%
Stockholm,Aroostook,253,250,252,254,254,252,248,-1.2%,0.8%,0.8%,0.0%,-0.8%,-1.6%,-1.6%
Van Buren,Aroostook,"2,149","2,049","2,063","2,093","2,103","2,093","2,068",-4.7%,0.7%,1.5%,0.5%,-0.5%,-1.2%,0.2%
Wade,Aroostook,271,242,234,232,229,225,218,-10.7%,-3.3%,-0.9%,-1.3%,-1.7%,-3.1%,-6.8%
Wallagrass,Aroostook,538,523,517,511,501,487,470,-2.8%,-1.1%,-1.2%,-2.0%,-2.8%,-3.5%,-9.1%
Washburn,Aroostook,"1,656","1,559","1,522","1,498","1,463","1,415","1,359",-5.9%,-2.4%,-1.6%,-2.3%,-3.3%,-4.0%,-10.7%
Westfield,Aroostook,530,480,463,448,433,415,394,-9.4%,-3.5%,-3.2%,-3.3%,-4.2%,-5.1%,-14.9%
Westmanland,Aroostook,67,74,79,84,87,90,92,10.4%,6.8%,6.3%,3.6%,3.4%,2.2%,16.5%
Weston,Aroostook,233,238,244,253,258,260,261,2.1%,2.5%,3.7%,2.0%,0.8%,0.4%,7.0%
Winterville plantation,Aroostook,218,203,194,185,176,165,154,-6.9%,-4.4%,-4.6%,-4.9%,-6.3%,-6.7%,-20.6%
Woodland,Aroostook,"1,214","1,204","1,219","1,234","1,240","1,233","1,218",-0.8%,1.2%,1.2%,0.5%,-0.6%,-1.2%,-0.1%
Baldwin,Cumberland,"1,525","1,515","1,560","1,590","1,614","1,620","1,609",-0.7%,3.0%,1.9%,1.5%,0.4%,-0.7%,3.1%
Bridgton,Cumberland,"5,264","5,323","5,641","5,949","6,239","6,464","6,622",1.1%,6.0%,5.5%,4.9%,3.6%,2.4%,17.4%
Brunswick,Cumberland,"20,586","21,307","22,475","23,336","24,107","24,618","24,873",3.5%,5.5%,3.8%,3.3%,2.1%,1.0%,10.7%
Cape Elizabeth,Cumberland,"9,101","9,441","9,578","9,532","9,397","9,149","8,804",3.7%,1.5%,-0.5%,-1.4%,-2.6%,-3.8%,-8.1%
Casco,Cumberland,"3,716","3,707","3,674","3,574","3,458","3,299","3,104",-0.2%,-0.9%,-2.7%,-3.2%,-4.6%,-5.9%,-15.5%
Chebeague Island,Cumberland,353,383,394,404,407,406,401,8.5%,2.9%,2.5%,0.7%,-0.2%,-1.2%,1.8%
Cumberland,Cumberland,"7,350","8,284","8,599","8,817","8,954","8,989","8,931",12.7%,3.8%,2.5%,1.6%,0.4%,-0.6%,3.9%
Falmouth,Cumberland,"11,381","12,189","12,853","13,345","13,795","14,095","14,250",7.1%,5.4%,3.8%,3.4%,2.2%,1.1%,10.9%
Freeport,Cumberland,"8,055","8,523","8,786","8,900","8,917","8,830","8,650",5.8%,3.1%,1.3%,0.2%,-1.0%,-2.0%,-1.5%
Frye Island,Cumberland,17,27,29,30,30,31,30,58.8%,7.4%,3.4%,0.0%,3.3%,-3.2%,3.4%
Gorham,Cumberland,"16,721","17,789","18,290","17,730","17,161","16,377","15,417",6.4%,2.8%,-3.1%,-3.2%,-4.6%,-5.9%,-15.7%
Gray,Cumberland,"7,828","8,121","8,426","8,624","8,762","8,801","8,748",3.7%,3.8%,2.3%,1.6%,0.4%,-0.6%,3.8%
Harpswell,Cumberland,"4,798","4,957","5,045","5,053","5,006","4,899","4,741",3.3%,1.8%,0.2%,-0.9%,-2.1%,-3.2%,-6.0%
Harrison,Cumberland,"2,673","2,527","2,509","2,475","2,435","2,365","2,270",-5.5%,-0.7%,-1.4%,-1.6%,-2.9%,-4.0%,-9.5%
Long Island,Cumberland,233,236,233,229,221,212,199,1.3%,-1.3%,-1.7%,-3.5%,-4.1%,-6.1%,-14.6%
Naples,Cumberland,"3,888","3,916","3,969","3,974","3,954","3,887","3,779",0.7%,1.4%,0.1%,-0.5%,-1.7%,-2.8%,-4.8%
New Gloucester,Cumberland,"5,547","5,602","5,775","5,867","5,917","5,899","5,819",1.0%,3.1%,1.6%,0.9%,-0.3%,-1.4%,0.8%
North Yarmouth,Cumberland,"3,636","3,842","4,241","4,478","4,727","4,927","5,076",5.7%,10.4%,5.6%,5.6%,4.2%,3.0%,19.7%
Portland,Cumberland,"66,611","67,936","68,361","68,073","67,043","65,204","62,674",2.0%,0.6%,-0.4%,-1.5%,-2.7%,-3.9%,-8.3%
Pownal,Cumberland,"1,466","1,529","1,587","1,621","1,643","1,645","1,631",4.3%,3.8%,2.1%,1.4%,0.1%,-0.9%,2.8%
Raymond,Cumberland,"4,435","4,486","4,603","4,659","4,676","4,639","4,553",1.1%,2.6%,1.2%,0.4%,-0.8%,-1.9%,-1.1%
Scarborough,Cumberland,"19,283","20,455","23,219","25,044","26,918","28,527","29,844",6.1%,13.5%,7.9%,7.5%,6.0%,4.6%,28.5%
Sebago,Cumberland,"1,754","1,863","1,941","1,992","2,024","2,033","2,021",6.2%,4.2%,2.6%,1.6%,0.4%,-0.6%,4.1%
South Portland,Cumberland,"25,246","25,952","27,019","28,021","28,724","29,111","29,194",2.8%,4.1%,3.7%,2.5%,1.3%,0.3%,8.0%
Standish,Cumberland,"9,923","10,095","10,819","11,451","12,105","12,635","13,035",1.7%,7.2%,5.8%,5.7%,4.4%,3.2%,20.5%
Westbrook,Cumberland,"17,900","19,618","20,631","21,312","21,737","21,919","21,873",9.6%,5.2%,3.3%,2.0%,0.8%,-0.2%,6.0%
Windham,Cumberland,"17,140","18,008","19,493","20,031","20,820","21,388","21,734",5.1%,8.2%,2.8%,3.9%,2.7%,1.6%,11.5%
Yarmouth,Cumberland,"8,508","8,772","9,087","9,204","9,243","9,176","9,012",3.1%,3.6%,1.3%,0.4%,-0.7%,-1.8%,-0.8%
Avon,Franklin,458,448,452,461,459,449,435,-2.2%,0.9%,2.0%,-0.4%,-2.2%,-3.1%,-3.8%
Carrabassett Valley,Franklin,755,693,692,657,623,578,530,-8.2%,-0.1%,-5.1%,-5.2%,-7.2%,-8.3%,-23.4%
Carthage,Franklin,548,513,511,499,482,454,425,-6.4%,-0.4%,-2.3%,-3.4%,-5.8%,-6.4%,-16.8%
Chesterville,Franklin,"1,355","1,326","1,356","1,381","1,384","1,359","1,326",-2.1%,2.3%,1.8%,0.2%,-1.8%,-2.4%,-2.2%
Coplin plantation,Franklin,158,139,132,133,134,131,128,-12.0%,-5.0%,0.8%,0.8%,-2.2%,-2.3%,-3.0%
Dallas plantation,Franklin,311,308,312,323,326,322,316,-1.0%,1.3%,3.5%,0.9%,-1.2%,-1.9%,1.3%
East Central Franklin UT,Franklin,810,802,817,846,854,845,830,-1.0%,1.9%,3.5%,0.9%,-1.1%,-1.8%,1.6%
Eustis,Franklin,625,628,669,698,720,727,730,0.5%,6.5%,4.3%,3.2%,1.0%,0.4%,9.1%
Farmington,Franklin,"7,690","7,448","8,343","8,602","8,969","9,153","9,272",-3.1%,12.0%,3.1%,4.3%,2.1%,1.3%,11.1%
Industry,Franklin,893,804,797,750,700,638,573,-10.0%,-0.9%,-5.9%,-6.7%,-8.9%,-10.2%,-28.1%
Jay,Franklin,"4,804","4,637","4,654","4,690","4,629","4,478","4,303",-3.5%,0.4%,0.8%,-1.3%,-3.3%,-3.9%,-7.5%
Kingfield,Franklin,989,960,987,"1,000","1,001",982,958,-2.9%,2.8%,1.3%,0.1%,-1.9%,-2.4%,-2.9%
New Sharon,Franklin,"1,426","1,425","1,515","1,577","1,624","1,639","1,642",-0.1%,6.3%,4.1%,3.0%,0.9%,0.2%,8.4%
New Vineyard,Franklin,765,740,752,740,727,700,669,-3.3%,1.6%,-1.6%,-1.8%,-3.7%,-4.4%,-11.0%
North Franklin UT,Franklin,56,45,41,41,42,41,40,-19.6%,-8.9%,0.0%,2.4%,-2.4%,-2.4%,-2.4%
Phillips,Franklin,"1,004",923,924,876,831,771,708,-8.1%,0.1%,-5.2%,-5.1%,-7.2%,-8.2%,-23.4%
Rangeley,Franklin,188,181,182,184,182,177,170,-3.7%,0.6%,1.1%,-1.1%,-2.7%,-4.0%,-6.6%
Rangeley plantation,Franklin,"1,190","1,201","1,267","1,317","1,352","1,361","1,360",0.9%,5.5%,3.9%,2.7%,0.7%,-0.1%,7.3%
Sandy River plantation,Franklin,132,128,128,129,127,122,117,-3.0%,0.0%,0.8%,-1.6%,-3.9%,-4.1%,-8.6%
South Franklin UT,Franklin,66,60,59,56,52,48,43,-9.1%,-1.7%,-5.1%,-7.1%,-7.7%,-10.4%,-27.1%
Strong,Franklin,"1,194","1,134","1,127","1,117","1,086","1,034",977,-5.0%,-0.6%,-0.9%,-2.8%,-4.8%,-5.5%,-13.3%
Temple,Franklin,540,520,540,550,553,545,534,-3.7%,3.8%,1.9%,0.5%,-1.4%,-2.0%,-1.1%
Weld,Franklin,410,384,389,377,365,346,326,-6.3%,1.3%,-3.1%,-3.2%,-5.2%,-5.8%,-16.2%
Wilton,Franklin,"4,068","3,867","3,866","3,833","3,737","3,568","3,383",-4.9%,0.0%,-0.9%,-2.5%,-4.5%,-5.2%,-12.5%
Wyman UT,Franklin,86,83,83,83,81,78,74,-3.5%,0.0%,0.0%,-2.4%,-3.7%,-5.1%,-10.8%
Amherst,Hancock,261,251,252,248,243,234,223,-3.8%,0.4%,-1.6%,-2.0%,-3.7%,-4.7%,-11.5%
Aurora,Hancock,108,96,93,91,88,84,79,-11.1%,-3.1%,-2.2%,-3.3%,-4.5%,-6.0%,-15.1%
Bar Harbor,Hancock,"5,143","5,135","5,256","5,305","5,321","5,269","5,173",-0.2%,2.4%,0.9%,0.3%,-1.0%,-1.8%,-1.6%
Blue Hill,Hancock,"2,700","2,759","2,833","2,865","2,859","2,817","2,752",2.2%,2.7%,1.1%,-0.2%,-1.5%,-2.3%,-2.9%
Brooklin,Hancock,823,825,834,827,809,781,747,0.2%,1.1%,-0.8%,-2.2%,-3.5%,-4.4%,-10.4%
Brooksville,Hancock,932,933,938,925,900,863,821,0.1%,0.5%,-1.4%,-2.7%,-4.1%,-4.9%,-12.5%
Bucksport,Hancock,"4,919","4,922","5,005","5,008","4,949","4,827","4,667",0.1%,1.7%,0.1%,-1.2%,-2.5%,-3.3%,-6.8%
Castine,Hancock,"1,436","1,253","1,354","1,370","1,393","1,398","1,390",-12.7%,8.1%,1.2%,1.7%,0.4%,-0.6%,2.7%
Central Hancock UT,Hancock,120,127,131,132,132,129,125,5.8%,3.1%,0.8%,0.0%,-2.3%,-3.1%,-4.6%
Cranberry Isles,Hancock,145,155,162,166,167,166,164,6.9%,4.5%,2.5%,0.6%,-0.6%,-1.2%,1.2%
Dedham,Hancock,"1,680","1,663","1,668","1,646","1,606","1,546","1,474",-1.0%,0.3%,-1.3%,-2.4%,-3.7%,-4.7%,-11.6%
Deer Isle,Hancock,"2,037","2,114","2,144","2,154","2,105","2,030","1,938",3.8%,1.4%,0.5%,-2.3%,-3.6%,-4.5%,-9.6%
Eastbrook,Hancock,424,425,432,430,425,414,399,0.2%,1.6%,-0.5%,-1.2%,-2.6%,-3.6%,-7.6%
East Hancock UT,Hancock,89,84,81,76,71,65,59,-5.6%,-3.6%,-6.2%,-6.6%,-8.5%,-9.2%,-27.2%
Ellsworth,Hancock,"7,851","8,092","8,707","9,252","9,694","10,011","10,232",3.1%,7.6%,6.3%,4.8%,3.3%,2.2%,17.5%
Franklin,Hancock,"1,492","1,539","1,592","1,621","1,630","1,619","1,594",3.2%,3.4%,1.8%,0.6%,-0.7%,-1.5%,0.1%
Frenchboro,Hancock,55,39,30,30,31,30,30,-29.1%,-23.1%,0.0%,3.3%,-3.2%,0.0%,0.0%
Gouldsboro,Hancock,"1,725","1,714","1,733","1,737","1,721","1,684","1,633",-0.6%,1.1%,0.2%,-0.9%,-2.1%,-3.0%,-5.8%
Great Pond,Hancock,59,60,62,62,61,60,57,1.7%,3.3%,0.0%,-1.6%,-1.6%,-5.0%,-8.1%
Hancock,Hancock,"2,396","2,438","2,515","2,567","2,587","2,574","2,539",1.8%,3.2%,2.1%,0.8%,-0.5%,-1.4%,1.0%
Lamoine,Hancock,"1,624","1,667","1,764","1,825","1,864","1,880","1,879",2.6%,5.8%,3.5%,2.1%,0.9%,-0.1%,6.5%
Mariaville,Hancock,502,480,488,490,490,483,472,-4.4%,1.7%,0.4%,0.0%,-1.4%,-2.3%,-3.3%
Mount Desert,Hancock,"2,067","2,111","2,195","2,241","2,261","2,253","2,224",2.1%,4.0%,2.1%,0.9%,-0.4%,-1.3%,1.3%
Orland,Hancock,"2,221","2,220","2,239","2,222","2,176","2,102","2,012",0.0%,0.9%,-0.8%,-2.1%,-3.4%,-4.3%,-10.1%
Osborn,Hancock,66,67,66,63,59,55,50,1.5%,-1.5%,-4.5%,-6.3%,-6.8%,-9.1%,-24.2%
Otis,Hancock,668,668,674,671,659,638,613,0.0%,0.9%,-0.4%,-1.8%,-3.2%,-3.9%,-9.1%
Penobscot,Hancock,"1,241","1,145","1,142","1,126","1,095","1,051",998,-7.7%,-0.3%,-1.4%,-2.8%,-4.0%,-5.0%,-12.6%
Sedgwick,Hancock,"1,194","1,195","1,211","1,206","1,186","1,151","1,108",0.1%,1.3%,-0.4%,-1.7%,-3.0%,-3.7%,-8.5%
Sorrento,Hancock,274,276,280,279,275,267,256,0.7%,1.4%,-0.4%,-1.4%,-2.9%,-4.1%,-8.6%
Southwest Harbor,Hancock,"1,757","1,751","1,811","1,841","1,860","1,855","1,834",-0.3%,3.4%,1.7%,1.0%,-0.3%,-1.1%,1.3%
Stonington,Hancock,"1,045","1,047","1,061","1,055","1,034","1,001",960,0.2%,1.3%,-0.6%,-2.0%,-3.2%,-4.1%,-9.5%
Sullivan,Hancock,"1,227","1,221","1,262","1,280","1,291","1,284","1,267",-0.5%,3.4%,1.4%,0.9%,-0.5%,-1.3%,0.4%
Surry,Hancock,"1,497","1,579","1,673","1,730","1,767","1,781","1,779",5.5%,6.0%,3.4%,2.1%,0.8%,-0.1%,6.3%
Swans Island,Hancock,335,348,359,364,364,360,352,3.9%,3.2%,1.4%,0.0%,-1.1%,-2.2%,-1.9%
Tremont,Hancock,"1,568","1,549","1,554","1,539","1,504","1,450","1,384",-1.2%,0.3%,-1.0%,-2.3%,-3.6%,-4.6%,-10.9%
Trenton,Hancock,"1,507","1,552","1,627","1,678","1,711","1,721","1,717",3.0%,4.8%,3.1%,2.0%,0.6%,-0.2%,5.5%
Verona Island,Hancock,534,512,511,502,486,465,440,-4.1%,-0.2%,-1.8%,-3.2%,-4.3%,-5.4%,-13.9%
Waltham,Hancock,347,336,333,323,310,293,273,-3.2%,-0.9%,-3.0%,-4.0%,-5.5%,-6.8%,-18.0%
Winter Harbor,Hancock,498,473,473,465,455,438,419,-5.0%,0.0%,-1.7%,-2.2%,-3.7%,-4.3%,-11.4%
Albion,Kennebec,"2,026","1,999","2,069","2,149","2,217","2,263","2,289",-1.3%,3.5%,3.9%,3.2%,2.1%,1.1%,10.6%
Augusta,Kennebec,"18,948","18,744","19,050","19,203","19,173","18,932","18,515",-1.1%,1.6%,0.8%,-0.2%,-1.3%,-2.2%,-2.8%
Belgrade,Kennebec,"3,189","3,223","3,298","3,348","3,377","3,369","3,331",1.1%,2.3%,1.5%,0.9%,-0.2%,-1.1%,1.0%
Benton,Kennebec,"2,702","2,696","2,776","2,837","2,883","2,898","2,887",-0.2%,3.0%,2.2%,1.6%,0.5%,-0.4%,4.0%
Chelsea,Kennebec,"2,735","2,712","2,814","2,846","2,856","2,835","2,789",-0.8%,3.8%,1.1%,0.4%,-0.7%,-1.6%,-0.9%
China,Kennebec,"4,294","4,314","4,528","4,721","4,890","5,010","5,086",0.5%,5.0%,4.3%,3.6%,2.5%,1.5%,12.3%
Clinton,Kennebec,"3,434","3,377","3,387","3,372","3,328","3,246","3,133",-1.7%,0.3%,-0.4%,-1.3%,-2.5%,-3.5%,-7.5%
Farmingdale,Kennebec,"2,964","2,981","3,018","3,028","3,012","2,962","2,885",0.6%,1.2%,0.3%,-0.5%,-1.7%,-2.6%,-4.4%
Fayette,Kennebec,"1,134","1,147","1,214","1,274","1,332","1,378","1,411",1.1%,5.8%,4.9%,4.6%,3.5%,2.4%,16.2%
Gardiner,Kennebec,"5,794","5,869","6,103","6,326","6,508","6,624","6,681",1.3%,4.0%,3.7%,2.9%,1.8%,0.9%,9.5%
Hallowell,Kennebec,"2,397","2,495","2,601","2,659","2,697","2,707","2,692",4.1%,4.2%,2.2%,1.4%,0.4%,-0.6%,3.5%
Litchfield,Kennebec,"3,592","3,562","3,680","3,778","3,861","3,903","3,910",-0.8%,3.3%,2.7%,2.2%,1.1%,0.2%,6.3%
Manchester,Kennebec,"2,537","2,476","2,483","2,466","2,433","2,372","2,289",-2.4%,0.3%,-0.7%,-1.3%,-2.5%,-3.5%,-7.8%
Monmouth,Kennebec,"4,074","4,039","4,173","4,284","4,372","4,414","4,417",-0.9%,3.3%,2.7%,2.1%,1.0%,0.1%,5.8%
Mount Vernon,Kennebec,"1,644","1,687","1,776","1,859","1,930","1,983","2,018",2.6%,5.3%,4.7%,3.8%,2.7%,1.8%,13.6%
Oakland,Kennebec,"6,231","6,220","6,329","6,402","6,432","6,393","6,294",-0.2%,1.8%,1.2%,0.5%,-0.6%,-1.5%,-0.6%
Pittston,Kennebec,"2,682","2,726","3,106","3,559","4,013","4,438","4,827",1.6%,13.9%,14.6%,12.8%,10.6%,8.8%,55.4%
Randolph,Kennebec,"1,758","1,745","1,763","1,765","1,756","1,727","1,681",-0.7%,1.0%,0.1%,-0.5%,-1.7%,-2.7%,-4.7%
Readfield,Kennebec,"2,567","2,569","2,659","2,721","2,772","2,794","2,791",0.1%,3.5%,2.3%,1.9%,0.8%,-0.1%,5.0%
Rome,Kennebec,"1,031","1,098","1,169","1,233","1,287","1,328","1,358",6.5%,6.5%,5.5%,4.4%,3.2%,2.3%,16.2%
Sidney,Kennebec,"4,285","4,452","4,794","5,126","5,422","5,668","5,865",3.9%,7.7%,6.9%,5.8%,4.5%,3.5%,22.3%
Unity UT,Kennebec,41,38,38,36,34,33,30,-7.3%,0.0%,-5.3%,-5.6%,-2.9%,-9.1%,-21.1%
Vassalboro,Kennebec,"4,401","4,438","4,580","4,688","4,753","4,769","4,741",0.8%,3.2%,2.4%,1.4%,0.3%,-0.6%,3.5%
Vienna,Kennebec,578,578,597,615,630,639,642,0.0%,3.3%,3.0%,2.4%,1.4%,0.5%,7.5%
Waterville,Kennebec,"15,651","16,143","16,797","17,899","18,802","19,525","20,081",3.1%,4.1%,6.6%,5.0%,3.8%,2.8%,19.6%
Wayne,Kennebec,"1,166","1,136","1,138","1,139","1,129","1,107","1,075",-2.6%,0.2%,0.1%,-0.9%,-1.9%,-2.9%,-5.5%
West Gardiner,Kennebec,"3,504","3,596","3,691","3,753","3,776","3,757","3,704",2.6%,2.6%,1.7%,0.6%,-0.5%,-1.4%,0.4%
Windsor,Kennebec,"2,577","2,590","2,691","2,760","2,813","2,837","2,836",0.5%,3.9%,2.6%,1.9%,0.9%,0.0%,5.4%
Winslow,Kennebec,"7,777","7,828","8,027","8,165","8,231","8,209","8,111",0.7%,2.5%,1.7%,0.8%,-0.3%,-1.2%,1.0%
Winthrop,Kennebec,"6,076","6,070","6,186","6,268","6,296","6,255","6,157",-0.1%,1.9%,1.3%,0.4%,-0.7%,-1.6%,-0.5%
Appleton,Knox,"1,324","1,375","1,445","1,484","1,507","1,507","1,488",3.9%,5.1%,2.7%,1.5%,0.0%,-1.3%,3.0%
Camden,Knox,"4,933","5,139","5,281","5,357","5,359","5,282","5,144",4.2%,2.8%,1.4%,0.0%,-1.4%,-2.6%,-2.6%
Cushing,Knox,"1,520","1,507","1,512","1,496","1,462","1,409","1,340",-0.9%,0.3%,-1.1%,-2.3%,-3.6%,-4.9%,-11.4%
Friendship,Knox,"1,145","1,142","1,161","1,162","1,152","1,124","1,085",-0.3%,1.7%,0.1%,-0.9%,-2.4%,-3.5%,-6.5%
Hope,Knox,"1,602","1,674","1,743","1,774","1,792","1,783","1,752",4.5%,4.1%,1.8%,1.0%,-0.5%,-1.7%,0.5%
Isle au Haut,Knox,71,82,88,94,98,100,101,15.5%,7.3%,6.8%,4.3%,2.0%,1.0%,14.8%
Matinicus Isle plantation,Knox,68,57,52,52,52,51,49,-16.2%,-8.8%,0.0%,0.0%,-1.9%,-3.9%,-5.8%
North Haven,Knox,365,398,426,446,458,464,463,9.0%,7.0%,4.7%,2.7%,1.3%,-0.2%,8.7%
Owls Head,Knox,"1,552","1,527","1,523","1,491","1,448","1,385","1,308",-1.6%,-0.3%,-2.1%,-2.9%,-4.4%,-5.6%,-14.1%
Rockland,Knox,"7,169","6,982","7,003","6,912","6,743","6,480","6,151",-2.6%,0.3%,-1.3%,-2.4%,-3.9%,-5.1%,-12.2%
Rockport,Knox,"3,370","3,562","3,710","3,802","3,846","3,833","3,773",5.7%,4.2%,2.5%,1.2%,-0.3%,-1.6%,1.7%
St. George,Knox,"2,590","2,603","2,630","2,613","2,573","2,495","2,391",0.5%,1.0%,-0.6%,-1.5%,-3.0%,-4.2%,-9.1%
South Thomaston,Knox,"1,548","1,525","1,549","1,572","1,578","1,561","1,526",-1.5%,1.6%,1.5%,0.4%,-1.1%,-2.2%,-1.5%
Thomaston,Knox,"2,767","2,749","2,780","2,779","2,749","2,679","2,580",-0.7%,1.1%,0.0%,-1.1%,-2.5%,-3.7%,-7.2%
Union,Knox,"2,269","2,341","2,432","2,499","2,536","2,535","2,502",3.2%,3.9%,2.8%,1.5%,0.0%,-1.3%,2.9%
Vinalhaven,Knox,"1,188","1,257","1,289","1,298","1,286","1,255","1,211",5.8%,2.5%,0.7%,-0.9%,-2.4%,-3.5%,-6.1%
Warren,Knox,"4,729","4,751","4,938","4,881","4,806","4,661","4,467",0.5%,3.9%,-1.2%,-1.5%,-3.0%,-4.2%,-9.5%
Washington,Knox,"1,544","1,572","1,606","1,613","1,599","1,561","1,507",1.8%,2.2%,0.4%,-0.9%,-2.4%,-3.5%,-6.2%
Alna,Lincoln,704,712,737,732,722,702,679,1.1%,3.5%,-0.7%,-1.4%,-2.8%,-3.3%,-7.9%
Boothbay,Lincoln,"3,071","2,986","3,118","3,117","3,096","3,035","2,956",-2.8%,4.4%,0.0%,-0.7%,-2.0%,-2.6%,-5.2%
Boothbay Harbor,Lincoln,"2,097","2,039","2,080","2,033","1,970","1,883","1,787",-2.8%,2.0%,-2.3%,-3.1%,-4.4%,-5.1%,-14.1%
Bremen,Lincoln,799,800,846,857,859,851,836,0.1%,5.8%,1.3%,0.2%,-0.9%,-1.8%,-1.2%
Bristol,Lincoln,"2,741","2,782","2,941","2,970","2,972","2,936","2,881",1.5%,5.7%,1.0%,0.1%,-1.2%,-1.9%,-2.0%
Damariscotta,Lincoln,"2,216","2,245","2,303","2,250","2,166","2,056","1,936",1.3%,2.6%,-2.3%,-3.7%,-5.1%,-5.8%,-15.9%
Dresden,Lincoln,"1,676","1,693","1,783","1,797","1,793","1,767","1,729",1.0%,5.3%,0.8%,-0.2%,-1.5%,-2.2%,-3.0%
Edgecomb,Lincoln,"1,227","1,185","1,215","1,184","1,145","1,091","1,032",-3.4%,2.5%,-2.6%,-3.3%,-4.7%,-5.4%,-15.1%
Jefferson,Lincoln,"2,416","2,467","2,673","2,768","2,837","2,868","2,878",2.1%,8.4%,3.6%,2.5%,1.1%,0.3%,7.7%
Monhegan plantation,Lincoln,67,65,64,60,56,52,47,-3.0%,-1.5%,-6.3%,-6.7%,-7.1%,-9.6%,-26.6%
Newcastle,Lincoln,"1,752","1,794","1,899","1,932","1,940","1,922","1,892",2.4%,5.9%,1.7%,0.4%,-0.9%,-1.6%,-0.4%
Nobleboro,Lincoln,"1,656","1,725","1,861","1,913","1,946","1,953","1,946",4.2%,7.9%,2.8%,1.7%,0.4%,-0.4%,4.6%
Somerville,Lincoln,559,585,622,633,638,633,625,4.7%,6.3%,1.8%,0.8%,-0.8%,-1.3%,0.5%
South Bristol,Lincoln,937,"1,048","1,144","1,187","1,207","1,211","1,206",11.8%,9.2%,3.8%,1.7%,0.3%,-0.4%,5.4%
Southport,Lincoln,604,609,637,638,631,616,598,0.8%,4.6%,0.2%,-1.1%,-2.4%,-2.9%,-6.1%
Waldoboro,Lincoln,"5,044","5,070","5,287","5,253","5,171","5,023","4,848",0.5%,4.3%,-0.6%,-1.6%,-2.9%,-3.5%,-8.3%
Westport,Lincoln,707,704,742,750,752,744,731,-0.4%,5.4%,1.1%,0.3%,-1.1%,-1.7%,-1.5%
Whitefield,Lincoln,"2,290","2,343","2,475","2,506","2,506","2,474","2,425",2.3%,5.6%,1.3%,0.0%,-1.3%,-2.0%,-2.0%
Wiscasset,Lincoln,"3,689","3,694","3,853","3,863","3,830","3,749","3,644",0.1%,4.3%,0.3%,-0.9%,-2.1%,-2.8%,-5.4%
Andover,Oxford,802,760,895,"1,073","1,245","1,403","1,543",-5.2%,17.8%,19.9%,16.0%,12.7%,10.0%,72.4%
Bethel,Oxford,"2,550","2,514","2,618","2,632","2,643","2,630","2,593",-1.4%,4.1%,0.5%,0.4%,-0.5%,-1.4%,-1.0%
Brownfield,Oxford,"1,593","1,613","1,688","1,721","1,737","1,736","1,719",1.3%,4.6%,2.0%,0.9%,-0.1%,-1.0%,1.8%
Buckfield,Oxford,"1,981","1,968","2,061","2,133","2,185","2,216","2,225",-0.7%,4.7%,3.5%,2.4%,1.4%,0.4%,8.0%
Byron,Oxford,133,112,105,105,105,104,102,-15.8%,-6.3%,0.0%,0.0%,-1.0%,-1.9%,-2.9%
Canton,Oxford,987,"1,112","1,100","1,105","1,102","1,089","1,066",12.7%,-1.1%,0.5%,-0.3%,-1.2%,-2.1%,-3.1%
Denmark,Oxford,"1,155","1,177","1,225","1,239","1,238","1,227","1,204",1.9%,4.1%,1.1%,-0.1%,-0.9%,-1.9%,-1.7%
Dixfield,Oxford,"2,470","2,318","2,299","2,216","2,122","2,011","1,884",-6.2%,-0.8%,-3.6%,-4.2%,-5.2%,-6.3%,-18.1%
Fryeburg,Oxford,"3,401","3,350","3,491","3,500","3,493","3,454","3,384",-1.5%,4.2%,0.3%,-0.2%,-1.1%,-2.0%,-3.1%
Gilead,Oxford,206,196,198,196,194,189,183,-4.9%,1.0%,-1.0%,-1.0%,-2.6%,-3.2%,-7.6%
Greenwood,Oxford,814,786,780,749,713,670,622,-3.4%,-0.8%,-4.0%,-4.8%,-6.0%,-7.2%,-20.3%
Hanover,Oxford,248,280,297,300,303,304,301,12.9%,6.1%,1.0%,1.0%,0.3%,-1.0%,1.3%
Hartford,Oxford,"1,183","1,184","1,242","1,272","1,289","1,294","1,287",0.1%,4.9%,2.4%,1.3%,0.4%,-0.5%,3.6%
Hebron,Oxford,"1,349","1,261","1,263","1,241","1,217","1,181","1,136",-6.5%,0.2%,-1.7%,-1.9%,-3.0%,-3.8%,-10.1%
Hiram,Oxford,"1,609","1,589","1,674","1,715","1,748","1,763","1,762",-1.2%,5.3%,2.4%,1.9%,0.9%,-0.1%,5.3%
Lincoln plantation,Oxford,45,43,42,41,39,36,34,-4.4%,-2.3%,-2.4%,-4.9%,-7.7%,-5.6%,-19.0%
Lovell,Oxford,"1,124","1,108","1,141","1,144","1,141","1,127","1,104",-1.4%,3.0%,0.3%,-0.3%,-1.2%,-2.0%,-3.2%
Mexico,Oxford,"2,679","2,714","2,793","2,781","2,739","2,672","2,582",1.3%,2.9%,-0.4%,-1.5%,-2.4%,-3.4%,-7.6%
Milton UT,Oxford,143,148,152,151,149,145,140,3.5%,2.7%,-0.7%,-1.3%,-2.7%,-3.4%,-7.9%
Newry,Oxford,344,389,423,447,465,478,486,13.1%,8.7%,5.7%,4.0%,2.8%,1.7%,14.9%
North Oxford UT,Oxford,69,66,66,62,58,54,49,-4.3%,0.0%,-6.1%,-6.5%,-6.9%,-9.3%,-25.8%
Norway,Oxford,"5,005","5,033","5,234","5,237","5,213","5,140","5,022",0.6%,4.0%,0.1%,-0.5%,-1.4%,-2.3%,-4.1%
Otisfield,Oxford,"1,776","1,806","1,886","1,895","1,883","1,854","1,809",1.7%,4.4%,0.5%,-0.6%,-1.5%,-2.4%,-4.1%
Oxford,Oxford,"4,110","4,144","4,337","4,361","4,351","4,300","4,211",0.8%,4.7%,0.6%,-0.2%,-1.2%,-2.1%,-2.9%
Paris,Oxford,"5,154","5,101","5,335","5,390","5,397","5,353","5,262",-1.0%,4.6%,1.0%,0.1%,-0.8%,-1.7%,-1.4%
Peru,Oxford,"1,527","1,495","1,501","1,464","1,411","1,347","1,272",-2.1%,0.4%,-2.5%,-3.6%,-4.5%,-5.6%,-15.3%
Porter,Oxford,"1,514","1,562","1,642","1,665","1,670","1,660","1,635",3.2%,5.1%,1.4%,0.3%,-0.6%,-1.5%,-0.4%
Roxbury,Oxford,368,364,368,361,350,335,318,-1.1%,1.1%,-1.9%,-3.0%,-4.3%,-5.1%,-13.6%
Rumford,Oxford,"5,798","5,787","5,990","5,923","5,822","5,668","5,466",-0.2%,3.5%,-1.1%,-1.7%,-2.6%,-3.6%,-8.7%
South Oxford UT,Oxford,579,584,602,603,597,586,570,0.9%,3.1%,0.2%,-1.0%,-1.8%,-2.7%,-5.3%
Stoneham,Oxford,240,250,268,277,283,287,288,4.2%,7.2%,3.4%,2.2%,1.4%,0.3%,7.5%
Stow,Oxford,385,387,429,464,499,529,552,0.5%,10.9%,8.2%,7.5%,6.0%,4.3%,28.7%
Sumner,Oxford,946,974,"1,010","1,013","1,004",986,959,3.0%,3.7%,0.3%,-0.9%,-1.8%,-2.7%,-5.0%
Sweden,Oxford,399,399,416,419,418,414,406,0.0%,4.3%,0.7%,-0.2%,-1.0%,-1.9%,-2.4%
Upton,Oxford,103,80,69,69,69,68,67,-22.3%,-13.8%,0.0%,0.0%,-1.4%,-1.5%,-2.9%
Waterford,Oxford,"1,534","1,549","1,625","1,662","1,686","1,694","1,686",1.0%,4.9%,2.3%,1.4%,0.5%,-0.5%,3.8%
West Paris,Oxford,"1,807","1,810","1,789","1,773","1,737","1,685","1,619",0.2%,-1.2%,-0.9%,-2.0%,-3.0%,-3.9%,-9.5%
Woodstock,Oxford,"1,287","1,315","1,404","1,455","1,494","1,518","1,528",2.2%,6.8%,3.6%,2.7%,1.6%,0.7%,8.8%
Alton,Penobscot,875,839,835,836,829,800,767,-4.1%,-0.5%,0.1%,-0.8%,-3.5%,-4.1%,-8.1%
Argyle UT,Penobscot,273,261,260,258,253,242,230,-4.4%,-0.4%,-0.8%,-1.9%,-4.3%,-5.0%,-11.5%
Bangor,Penobscot,"32,699","31,830","31,611","31,018","30,103","28,409","26,609",-2.7%,-0.7%,-1.9%,-2.9%,-5.6%,-6.3%,-15.8%
Bradford,Penobscot,"1,262","1,201","1,198","1,204","1,201","1,166","1,125",-4.8%,-0.2%,0.5%,-0.2%,-2.9%,-3.5%,-6.1%
Bradley,Penobscot,"1,496","1,505","1,558","1,606","1,638","1,627","1,606",0.6%,3.5%,3.1%,2.0%,-0.7%,-1.3%,3.1%
Brewer,Penobscot,"9,543","9,636","9,670","9,702","9,609","9,264","8,877",1.0%,0.4%,0.3%,-1.0%,-3.6%,-4.2%,-8.2%
Burlington,Penobscot,367,370,412,462,512,548,580,0.8%,11.4%,12.1%,10.8%,7.0%,5.8%,40.8%
Carmel,Penobscot,"2,796","2,813","2,944","3,085","3,197","3,224","3,230",0.6%,4.7%,4.8%,3.6%,0.8%,0.2%,9.7%
Carroll plantation,Penobscot,149,139,137,134,130,122,114,-6.7%,-1.4%,-2.2%,-3.0%,-6.2%,-6.6%,-16.8%
Charleston,Penobscot,"1,371","1,589","1,630","1,676","1,711","1,701","1,681",15.9%,2.6%,2.8%,2.1%,-0.6%,-1.2%,3.1%
Chester,Penobscot,545,545,551,559,560,546,530,0.0%,1.1%,1.5%,0.2%,-2.5%,-2.9%,-3.8%
Clifton,Penobscot,910,866,857,852,841,809,773,-4.8%,-1.0%,-0.6%,-1.3%,-3.8%,-4.4%,-9.8%
Corinna,Penobscot,"2,209","2,206","2,235","2,263","2,265","2,208","2,140",-0.1%,1.3%,1.3%,0.1%,-2.5%,-3.1%,-4.3%
Corinth,Penobscot,"2,884","2,870","2,961","3,079","3,166","3,170","3,153",-0.5%,3.2%,4.0%,2.8%,0.1%,-0.5%,6.5%
Dexter,Penobscot,"3,865","3,797","3,810","3,826","3,795","3,664","3,517",-1.8%,0.3%,0.4%,-0.8%,-3.5%,-4.0%,-7.7%
Dixmont,Penobscot,"1,191","1,197","1,214","1,233","1,235","1,204","1,168",0.5%,1.4%,1.6%,0.2%,-2.5%,-3.0%,-3.8%
Drew plantation,Penobscot,37,29,26,23,20,17,13,-21.6%,-10.3%,-11.5%,-13.0%,-15.0%,-23.5%,-50.0%
East Central Penobscot UT,Penobscot,334,316,310,307,301,287,272,-5.4%,-1.9%,-1.0%,-2.0%,-4.7%,-5.2%,-12.3%
East Millinocket,Penobscot,"1,684","1,601","1,571","1,545","1,502","1,421","1,334",-4.9%,-1.9%,-1.7%,-2.8%,-5.4%,-6.1%,-15.1%
Eddington,Penobscot,"2,218","2,192","2,230","2,278","2,306","2,273","2,228",-1.2%,1.7%,2.2%,1.2%,-1.4%,-2.0%,-0.1%
Edinburg,Penobscot,130,130,135,140,143,143,142,0.0%,3.8%,3.7%,2.1%,0.0%,-0.7%,5.2%
Enfield,Penobscot,"1,568","1,473","1,442","1,415","1,377","1,303","1,224",-6.1%,-2.1%,-1.9%,-2.7%,-5.4%,-6.1%,-15.1%
Etna,Penobscot,"1,253","1,232","1,236","1,246","1,240","1,203","1,159",-1.7%,0.3%,0.8%,-0.5%,-3.0%,-3.7%,-6.2%
Exeter,Penobscot,"1,058",981,980,980,973,941,904,-7.3%,-0.1%,0.0%,-0.7%,-3.3%,-3.9%,-7.8%
Garland,Penobscot,"1,089","1,041","1,028","1,020","1,001",957,909,-4.4%,-1.2%,-0.8%,-1.9%,-4.4%,-5.0%,-11.6%
Glenburn,Penobscot,"4,612","4,609","4,753","4,936","5,072","5,074","5,044",-0.1%,3.1%,3.9%,2.8%,0.0%,-0.6%,6.1%
Greenbush,Penobscot,"1,481","1,449","1,471","1,502","1,518","1,494","1,462",-2.2%,1.5%,2.1%,1.1%,-1.6%,-2.1%,-0.6%
Hampden,Penobscot,"7,311","7,506","7,890","8,401","8,795","8,956","9,054",2.7%,5.1%,6.5%,4.7%,1.8%,1.1%,14.8%
Hermon,Penobscot,"5,649","6,172","6,741","7,363","7,913","8,250","8,522",9.3%,9.2%,9.2%,7.5%,4.3%,3.3%,26.4%
Holden,Penobscot,"3,128","3,199","3,373","3,557","3,710","3,765","3,794",2.3%,5.4%,5.5%,4.3%,1.5%,0.8%,12.5%
Howland,Penobscot,"1,210","1,157","1,130","1,111","1,096","1,051","1,002",-4.4%,-2.3%,-1.7%,-1.4%,-4.1%,-4.7%,-11.3%
Hudson,Penobscot,"1,504","1,446","1,426","1,412","1,384","1,320","1,250",-3.9%,-1.4%,-1.0%,-2.0%,-4.6%,-5.3%,-12.3%
Kenduskeag,Penobscot,"1,343","1,337","1,394","1,444","1,487","1,491","1,486",-0.4%,4.3%,3.6%,3.0%,0.3%,-0.3%,6.6%
Kingman UT,Penobscot,171,148,137,126,115,101,87,-13.5%,-7.4%,-8.0%,-8.7%,-12.2%,-13.9%,-36.5%
Lagrange,Penobscot,689,651,642,637,626,599,569,-5.5%,-1.4%,-0.8%,-1.7%,-4.3%,-5.0%,-11.4%
Lakeville,Penobscot,105,104,104,102,100,95,90,-1.0%,0.0%,-1.9%,-2.0%,-5.0%,-5.3%,-13.5%
Lee,Penobscot,921,915,919,923,915,883,847,-0.7%,0.4%,0.4%,-0.9%,-3.5%,-4.1%,-7.8%
Levant,Penobscot,"2,882","2,930","3,054","3,170","3,279","3,302","3,303",1.7%,4.2%,3.8%,3.4%,0.7%,0.0%,8.2%
Lincoln,Penobscot,"5,070","4,898","4,861","4,868","4,815","4,637","4,438",-3.4%,-0.8%,0.1%,-1.1%,-3.7%,-4.3%,-8.7%
Lowell,Penobscot,360,364,378,393,406,408,407,1.1%,3.8%,4.0%,3.3%,0.5%,-0.2%,7.7%
Mattawamkeag,Penobscot,662,615,600,589,574,545,513,-7.1%,-2.4%,-1.8%,-2.5%,-5.1%,-5.9%,-14.5%
Maxfield,Penobscot,97,88,82,74,65,55,45,-9.3%,-6.8%,-9.8%,-12.2%,-15.4%,-18.2%,-45.1%
Medway,Penobscot,"1,307","1,220","1,191","1,170","1,139","1,078","1,013",-6.7%,-2.4%,-1.8%,-2.6%,-5.4%,-6.0%,-14.9%
Milford,Penobscot,"3,073","3,051","3,106","3,166","3,191","3,133","3,057",-0.7%,1.8%,1.9%,0.8%,-1.8%,-2.4%,-1.6%
Millinocket,Penobscot,"4,415","4,195","4,111","4,037","3,920","3,701","3,469",-5.0%,-2.0%,-1.8%,-2.9%,-5.6%,-6.3%,-15.6%
Mount Chase,Penobscot,198,191,188,184,178,168,157,-3.5%,-1.6%,-2.1%,-3.3%,-5.6%,-6.5%,-16.5%
Newburgh,Penobscot,"1,555","1,553","1,650","1,778","1,884","1,941","1,983",-0.1%,6.2%,7.8%,6.0%,3.0%,2.2%,20.2%
Newport,Penobscot,"3,225","3,187","3,152","3,119","3,058","2,917","2,764",-1.2%,-1.1%,-1.0%,-2.0%,-4.6%,-5.2%,-12.3%
North Penobscot UT,Penobscot,449,419,409,401,389,368,345,-6.7%,-2.4%,-2.0%,-3.0%,-5.4%,-6.3%,-15.6%
Old Town,Penobscot,"7,757","7,509","7,452","7,415","7,294","6,984","6,643",-3.2%,-0.8%,-0.5%,-1.6%,-4.3%,-4.9%,-10.9%
Orono,Penobscot,"10,680","11,109","12,250","13,324","14,507","15,299","15,962",4.0%,10.3%,8.8%,8.9%,5.5%,4.3%,30.3%
Orrington,Penobscot,"3,732","3,777","3,850","3,896","3,905","3,811","3,697",1.2%,1.9%,1.2%,0.2%,-2.4%,-3.0%,-4.0%
Passadumkeag,Penobscot,369,357,357,358,356,344,331,-3.3%,0.0%,0.3%,-0.6%,-3.4%,-3.8%,-7.3%
Patten,Penobscot,983,926,888,878,860,819,775,-5.8%,-4.1%,-1.1%,-2.1%,-4.8%,-5.4%,-12.7%
Penobscot Indian Island Reservation,Penobscot,556,432,374,380,383,377,368,-22.3%,-13.4%,1.6%,0.8%,-1.6%,-2.4%,-1.6%
Plymouth,Penobscot,"1,347","1,312","1,333","1,353","1,355","1,322","1,282",-2.6%,1.6%,1.5%,0.1%,-2.4%,-3.0%,-3.8%
Prentiss UT,Penobscot,203,181,173,168,162,152,141,-10.8%,-4.4%,-2.9%,-3.6%,-6.2%,-7.2%,-18.5%
Seboeis plantation,Penobscot,36,38,38,37,36,35,32,5.6%,0.0%,-2.6%,-2.7%,-2.8%,-8.6%,-15.8%
Springfield,Penobscot,388,330,320,303,296,280,264,-14.9%,-3.0%,-5.3%,-2.3%,-5.4%,-5.7%,-17.5%
Stacyville,Penobscot,389,381,375,370,361,343,323,-2.1%,-1.6%,-1.3%,-2.4%,-5.0%,-5.8%,-13.9%
Stetson,Penobscot,"1,213","1,185","1,205","1,226","1,235","1,211","1,181",-2.3%,1.7%,1.7%,0.7%,-1.9%,-2.5%,-2.0%
Veazie,Penobscot,"1,894","1,831","1,826","1,827","1,807","1,740","1,666",-3.3%,-0.3%,0.1%,-1.1%,-3.7%,-4.3%,-8.8%
Webster plantation,Penobscot,80,69,65,61,58,52,47,-13.8%,-5.8%,-6.2%,-4.9%,-10.3%,-9.6%,-27.7%
Winn,Penobscot,403,404,406,412,415,407,397,0.2%,0.5%,1.5%,0.7%,-1.9%,-2.5%,-2.2%
Woodville,Penobscot,240,215,206,198,188,174,159,-10.4%,-4.2%,-3.9%,-5.1%,-7.4%,-8.6%,-22.8%
Abbot,Piscataquis,695,654,648,601,551,496,440,-5.9%,-0.9%,-7.3%,-8.3%,-10.0%,-11.3%,-32.1%
Beaver Cove,Piscataquis,123,125,135,137,138,137,136,1.6%,8.0%,1.5%,0.7%,-0.7%,-0.7%,0.7%
Blanchard UT,Piscataquis,96,92,93,91,88,84,80,-4.2%,1.1%,-2.2%,-3.3%,-4.5%,-4.8%,-14.0%
Bowerbank,Piscataquis,120,129,141,147,150,152,153,7.5%,9.3%,4.3%,2.0%,1.3%,0.7%,8.5%
Brownville,Piscataquis,"1,216","1,146","1,168","1,143","1,110","1,067","1,017",-5.8%,1.9%,-2.1%,-2.9%,-3.9%,-4.7%,-12.9%
Dover-Foxcroft,Piscataquis,"4,215","4,306","4,550","4,610","4,617","4,576","4,502",2.2%,5.7%,1.3%,0.2%,-0.9%,-1.6%,-1.1%
Greenville,Piscataquis,"1,587","1,458","1,526","1,535","1,545","1,539","1,522",-8.1%,4.7%,0.6%,0.7%,-0.4%,-1.1%,-0.3%
Guilford,Piscataquis,"1,454","1,305","1,310","1,269","1,224","1,168","1,105",-10.2%,0.4%,-3.1%,-3.5%,-4.6%,-5.4%,-15.6%
Kingsbury plantation,Piscataquis,28,28,32,35,38,40,41,0.0%,14.3%,9.4%,8.6%,5.3%,2.5%,28.1%
Lake View plantation,Piscataquis,103,132,156,173,186,196,205,28.2%,18.2%,10.9%,7.5%,5.4%,4.6%,31.4%
Medford,Piscataquis,246,232,241,243,243,241,237,-5.7%,3.9%,0.8%,0.0%,-0.8%,-1.7%,-1.7%
Milo,Piscataquis,"2,304","2,237","2,351","2,379","2,392","2,381","2,352",-2.9%,5.1%,1.2%,0.5%,-0.5%,-1.2%,0.0%
Monson,Piscataquis,664,614,633,633,630,620,606,-7.5%,3.1%,0.0%,-0.5%,-1.6%,-2.3%,-4.3%
Northeast Piscataquis UT,Piscataquis,280,291,314,324,330,332,332,3.9%,7.9%,3.2%,1.9%,0.6%,0.0%,5.7%
Northwest Piscataquis UT,Piscataquis,146,138,142,140,137,133,128,-5.5%,2.9%,-1.4%,-2.1%,-2.9%,-3.8%,-9.9%
Parkman,Piscataquis,813,756,773,760,744,720,692,-7.0%,2.2%,-1.7%,-2.1%,-3.2%,-3.9%,-10.5%
Sangerville,Piscataquis,"1,321","1,289","1,359","1,377","1,383","1,374","1,356",-2.4%,5.4%,1.3%,0.4%,-0.7%,-1.3%,-0.2%
Sebec,Piscataquis,633,643,690,707,716,718,714,1.6%,7.3%,2.5%,1.3%,0.3%,-0.6%,3.5%
Shirley,Piscataquis,237,241,266,280,292,300,306,1.7%,10.4%,5.3%,4.3%,2.7%,2.0%,15.0%
Southeast Piscataquis UT,Piscataquis,554,501,503,486,467,444,419,-9.6%,0.4%,-3.4%,-3.9%,-4.9%,-5.6%,-16.7%
Wellington,Piscataquis,250,229,233,229,224,216,207,-8.4%,1.7%,-1.7%,-2.2%,-3.6%,-4.2%,-11.2%
Willimantic,Piscataquis,145,137,139,135,131,125,118,-5.5%,1.5%,-2.9%,-3.0%,-4.6%,-5.6%,-15.1%
Arrowsic,Sagadahoc,438,461,490,521,544,560,570,5.3%,6.3%,6.3%,4.4%,2.9%,1.8%,16.3%
Bath,Sagadahoc,"8,494","8,626","8,795","8,966","8,959","8,818","8,594",1.6%,2.0%,1.9%,-0.1%,-1.6%,-2.5%,-2.3%
Bowdoin,Sagadahoc,"3,064","3,094","3,207","3,318","3,380","3,392","3,374",1.0%,3.7%,3.5%,1.9%,0.4%,-0.5%,5.2%
Bowdoinham,Sagadahoc,"2,879","2,949","3,162","3,394","3,580","3,717","3,821",2.4%,7.2%,7.3%,5.5%,3.8%,2.8%,20.8%
Georgetown,Sagadahoc,"1,027","1,039","1,085","1,134","1,168","1,185","1,192",1.2%,4.4%,4.5%,3.0%,1.5%,0.6%,9.9%
Phippsburg,Sagadahoc,"2,193","2,161","2,197","2,236","2,245","2,221","2,176",-1.5%,1.7%,1.8%,0.4%,-1.1%,-2.0%,-1.0%
Richmond,Sagadahoc,"3,399","3,456","3,575","3,704","3,769","3,780","3,756",1.7%,3.4%,3.6%,1.8%,0.3%,-0.6%,5.1%
Topsham,Sagadahoc,"8,856","9,269","9,736","10,191","10,481","10,623","10,667",4.7%,5.0%,4.7%,2.8%,1.4%,0.4%,9.6%
West Bath,Sagadahoc,"1,882","1,894","1,945","2,002","2,027","2,023","2,000",0.6%,2.7%,2.9%,1.2%,-0.2%,-1.1%,2.8%
Woolwich,Sagadahoc,"3,038","2,993","3,180","3,394","3,563","3,684","3,771",-1.5%,6.2%,6.7%,5.0%,3.4%,2.4%,18.6%
Anson,Somerset,"2,459","2,307","2,312","2,270","2,215","2,145","2,063",-6.2%,0.2%,-1.8%,-2.4%,-3.2%,-3.8%,-10.8%
Athens,Somerset,"1,002",959,958,930,900,863,823,-4.3%,-0.1%,-2.9%,-3.2%,-4.1%,-4.6%,-14.1%
Bingham,Somerset,901,869,839,798,741,681,618,-3.6%,-3.5%,-4.9%,-7.1%,-8.1%,-9.3%,-26.3%
Brighton plantation,Somerset,68,64,61,58,54,49,45,-5.9%,-4.7%,-4.9%,-6.9%,-9.3%,-8.2%,-26.2%
Cambridge,Somerset,459,443,453,455,454,450,442,-3.5%,2.3%,0.4%,-0.2%,-0.9%,-1.8%,-2.4%
Canaan,Somerset,"2,253","2,188","2,208","2,168","2,115","2,048","1,970",-2.9%,0.9%,-1.8%,-2.4%,-3.2%,-3.8%,-10.8%
Caratunk,Somerset,71,76,80,80,80,79,77,7.0%,5.3%,0.0%,0.0%,-1.3%,-2.5%,-3.8%
Central Somerset UT,Somerset,338,336,340,336,330,321,310,-0.6%,1.2%,-1.2%,-1.8%,-2.7%,-3.4%,-8.8%
Cornville,Somerset,"1,287","1,292","1,340","1,351","1,352","1,344","1,326",0.4%,3.7%,0.8%,0.1%,-0.6%,-1.3%,-1.0%
Dennistown plantation,Somerset,40,53,57,56,54,52,50,32.5%,7.5%,-1.8%,-3.6%,-3.7%,-3.8%,-12.3%
Detroit,Somerset,859,857,902,923,938,946,946,-0.2%,5.3%,2.3%,1.6%,0.9%,0.0%,4.9%
Embden,Somerset,933,893,931,947,960,965,963,-4.3%,4.3%,1.7%,1.4%,0.5%,-0.2%,3.4%
Fairfield,Somerset,"6,687","6,496","6,540","6,421","6,265","6,066","5,835",-2.9%,0.7%,-1.8%,-2.4%,-3.2%,-3.8%,-10.8%
Harmony,Somerset,914,848,830,790,749,703,655,-7.2%,-2.1%,-4.8%,-5.2%,-6.1%,-6.8%,-21.1%
Hartland,Somerset,"1,757","1,699","1,825","1,904","1,995","2,067","2,122",-3.3%,7.4%,4.3%,4.8%,3.6%,2.7%,16.3%
Highland plantation,Somerset,68,58,53,46,40,33,27,-14.7%,-8.6%,-13.2%,-13.0%,-17.5%,-18.2%,-49.1%
Jackman,Somerset,849,797,785,761,735,704,669,-6.1%,-1.5%,-3.1%,-3.4%,-4.2%,-5.0%,-14.8%
Madison,Somerset,"4,810","4,640","4,792","4,802","4,783","4,727","4,641",-3.5%,3.3%,0.2%,-0.4%,-1.2%,-1.8%,-3.2%
Mercer,Somerset,674,690,714,719,716,707,694,2.4%,3.5%,0.7%,-0.4%,-1.3%,-1.8%,-2.8%
Moose River,Somerset,208,193,189,181,173,164,154,-7.2%,-2.1%,-4.2%,-4.4%,-5.2%,-6.1%,-18.5%
Moscow,Somerset,515,484,479,465,449,431,410,-6.0%,-1.0%,-2.9%,-3.4%,-4.0%,-4.9%,-14.4%
New Portland,Somerset,730,744,768,770,764,753,737,1.9%,3.2%,0.3%,-0.8%,-1.4%,-2.1%,-4.0%
Norridgewock,Somerset,"3,351","3,269","3,310","3,261","3,195","3,106","3,001",-2.4%,1.3%,-1.5%,-2.0%,-2.8%,-3.4%,-9.3%
Northeast Somerset UT,Somerset,385,369,370,362,352,340,326,-4.2%,0.3%,-2.2%,-2.8%,-3.4%,-4.1%,-11.9%
Northwest Somerset UT,Somerset,56,45,39,32,26,20,14,-19.6%,-13.3%,-17.9%,-18.8%,-23.1%,-30.0%,-64.1%
Palmyra,Somerset,"1,968","1,908","1,976","2,003","2,019","2,018","2,003",-3.0%,3.6%,1.4%,0.8%,0.0%,-0.7%,1.4%
Pittsfield,Somerset,"4,161","3,935","3,936","3,831","3,711","3,566","3,404",-5.4%,0.0%,-2.7%,-3.1%,-3.9%,-4.5%,-13.5%
Pleasant Ridge plantation,Somerset,91,86,86,84,82,79,75,-5.5%,0.0%,-2.3%,-2.4%,-3.7%,-5.1%,-12.8%
Ripley,Somerset,488,476,485,484,478,468,456,-2.5%,1.9%,-0.2%,-1.2%,-2.1%,-2.6%,-6.0%
St. Albans,Somerset,"2,002","1,999","2,100","2,156","2,198","2,222","2,229",-0.1%,5.1%,2.7%,1.9%,1.1%,0.3%,6.1%
Seboomook Lake UT,Somerset,40,30,31,31,30,30,29,-25.0%,3.3%,0.0%,-3.2%,0.0%,-3.3%,-6.5%
Skowhegan,Somerset,"8,583","8,509","8,683","8,610","8,478","8,286","8,046",-0.9%,2.0%,-0.8%,-1.5%,-2.3%,-2.9%,-7.3%
Smithfield,Somerset,"1,002",940,944,924,901,873,840,-6.2%,0.4%,-2.1%,-2.5%,-3.1%,-3.8%,-11.0%
Solon,Somerset,"1,045",990,988,956,924,886,844,-5.3%,-0.2%,-3.2%,-3.3%,-4.1%,-4.7%,-14.6%
Starks,Somerset,629,603,604,594,580,562,541,-4.1%,0.2%,-1.7%,-2.4%,-3.1%,-3.7%,-10.4%
The Forks plantation,Somerset,40,45,49,50,51,51,51,12.5%,8.9%,2.0%,2.0%,0.0%,0.0%,4.1%
West Forks plantation,Somerset,59,58,61,65,67,69,71,-1.7%,5.2%,6.6%,3.1%,3.0%,2.9%,16.4%
Belfast,Waldo,"6,722","6,902","7,032","7,318","7,493","7,565","7,563",2.7%,1.9%,4.1%,2.4%,1.0%,0.0%,7.6%
Belmont,Waldo,951,973,"1,008","1,066","1,114","1,148","1,170",2.3%,3.6%,5.8%,4.5%,3.1%,1.9%,16.1%
Brooks,Waldo,"1,053","1,033","1,017","1,024","1,018",997,965,-1.9%,-1.5%,0.7%,-0.6%,-2.1%,-3.2%,-5.1%
Burnham,Waldo,"1,142","1,127","1,110","1,117","1,110","1,086","1,052",-1.3%,-1.5%,0.6%,-0.6%,-2.2%,-3.1%,-5.2%
Frankfort,Waldo,"1,139","1,208","1,241","1,295","1,329","1,344","1,346",6.1%,2.7%,4.4%,2.6%,1.1%,0.1%,8.5%
Freedom,Waldo,723,719,725,761,784,797,803,-0.6%,0.8%,5.0%,3.0%,1.7%,0.8%,10.8%
Islesboro,Waldo,573,579,587,608,621,625,622,1.0%,1.4%,3.6%,2.1%,0.6%,-0.5%,6.0%
Jackson,Waldo,561,599,615,644,663,673,676,6.8%,2.7%,4.7%,3.0%,1.5%,0.4%,9.9%
Knox,Waldo,804,812,813,829,831,822,805,1.0%,0.1%,2.0%,0.2%,-1.1%,-2.1%,-1.0%
Liberty,Waldo,913,935,944,975,990,992,984,2.4%,1.0%,3.3%,1.5%,0.2%,-0.8%,4.2%
Lincolnville,Waldo,"2,186","2,277","2,362","2,493","2,597","2,666","2,709",4.2%,3.7%,5.5%,4.2%,2.7%,1.6%,14.7%
Monroe,Waldo,893,924,938,973,992,998,994,3.5%,1.5%,3.7%,2.0%,0.6%,-0.4%,6.0%
Montville,Waldo,"1,020","1,027","1,026","1,045","1,049","1,038","1,017",0.7%,-0.1%,1.9%,0.4%,-1.0%,-2.0%,-0.9%
Morrill,Waldo,897,942,991,"1,064","1,119","1,161","1,191",5.0%,5.2%,7.4%,5.2%,3.8%,2.6%,20.2%
Northport,Waldo,"1,519","1,543","1,596","1,689","1,766","1,819","1,855",1.6%,3.4%,5.8%,4.6%,3.0%,2.0%,16.2%
Palermo,Waldo,"1,547","1,572","1,608","1,677","1,728","1,756","1,766",1.6%,2.3%,4.3%,3.0%,1.6%,0.6%,9.8%
Prospect,Waldo,701,704,706,723,731,728,718,0.4%,0.3%,2.4%,1.1%,-0.4%,-1.4%,1.7%
Searsmont,Waldo,"1,393","1,396","1,431","1,477","1,509","1,521","1,517",0.2%,2.5%,3.2%,2.2%,0.8%,-0.3%,6.0%
Searsport,Waldo,"2,641","2,667","2,653","2,683","2,671","2,619","2,541",1.0%,-0.5%,1.1%,-0.4%,-1.9%,-3.0%,-4.2%
Stockton Springs,Waldo,"1,565","1,553","1,577","1,640","1,686","1,709","1,716",-0.8%,1.5%,4.0%,2.8%,1.4%,0.4%,8.8%
Swanville,Waldo,"1,379","1,383","1,405","1,460","1,498","1,515","1,517",0.3%,1.6%,3.9%,2.6%,1.1%,0.1%,8.0%
Thorndike,Waldo,860,808,790,786,776,753,724,-6.0%,-2.2%,-0.5%,-1.3%,-3.0%,-3.9%,-8.4%
Troy,Waldo,"1,021","1,014","1,061","1,131","1,191","1,235","1,267",-0.7%,4.6%,6.6%,5.3%,3.7%,2.6%,19.4%
Unity,Waldo,"2,138","2,270","2,338","2,460","2,562","2,630","2,673",6.2%,3.0%,5.2%,4.1%,2.7%,1.6%,14.3%
Waldo,Waldo,787,805,823,865,901,924,939,2.3%,2.2%,5.1%,4.2%,2.6%,1.6%,14.1%
Winterport,Waldo,"3,746","3,824","3,858","3,977","4,037","4,040","4,003",2.1%,0.9%,3.1%,1.5%,0.1%,-0.9%,3.8%
Addison,Washington,"1,236","1,172","1,168","1,182","1,184","1,171","1,145",-5.2%,-0.3%,1.2%,0.2%,-1.1%,-2.2%,-2.0%
Alexander,Washington,504,511,528,555,572,582,586,1.4%,3.3%,5.1%,3.1%,1.7%,0.7%,11.0%
Baileyville,Washington,"1,471","1,355","1,325","1,324","1,304","1,265","1,214",-7.9%,-2.2%,-0.1%,-1.5%,-3.0%,-4.0%,-8.4%
Baring plantation,Washington,238,210,202,199,193,184,173,-11.8%,-3.8%,-1.5%,-3.0%,-4.7%,-6.0%,-14.4%
Beals,Washington,494,453,453,466,474,475,471,-8.3%,0.0%,2.9%,1.7%,0.2%,-0.8%,4.0%
Beddington,Washington,52,58,62,66,69,72,73,11.5%,6.9%,6.5%,4.5%,4.3%,1.4%,17.7%
Calais,Washington,"3,100","3,038","3,125","3,275","3,375","3,433","3,457",-2.0%,2.9%,4.8%,3.1%,1.7%,0.7%,10.6%
Charlotte,Washington,332,330,341,357,368,373,375,-0.6%,3.3%,4.7%,3.1%,1.4%,0.5%,10.0%
Cherryfield,Washington,"1,203","1,123","1,111","1,121","1,114","1,091","1,058",-6.7%,-1.1%,0.9%,-0.6%,-2.1%,-3.0%,-4.8%
Columbia,Washington,476,439,439,451,456,455,450,-7.8%,0.0%,2.7%,1.1%,-0.2%,-1.1%,2.5%
Columbia Falls,Washington,534,492,492,499,504,503,497,-7.9%,0.0%,1.4%,1.0%,-0.2%,-1.2%,1.0%
Cooper,Washington,157,163,171,181,188,193,195,3.8%,4.9%,5.8%,3.9%,2.7%,1.0%,14.0%
Crawford,Washington,99,93,96,103,109,114,117,-6.1%,3.2%,7.3%,5.8%,4.6%,2.6%,21.9%
Cutler,Washington,508,504,529,565,591,609,622,-0.8%,5.0%,6.8%,4.6%,3.0%,2.1%,17.6%
Danforth,Washington,589,578,591,615,631,638,639,-1.9%,2.2%,4.1%,2.6%,1.1%,0.2%,8.1%
Deblois,Washington,60,69,77,80,82,83,82,15.0%,11.6%,3.9%,2.5%,1.2%,-1.2%,6.5%
Dennysville,Washington,338,309,313,324,334,339,340,-8.6%,1.3%,3.5%,3.1%,1.5%,0.3%,8.6%
East Central Washington UT,Washington,722,713,733,768,790,802,807,-1.2%,2.8%,4.8%,2.9%,1.5%,0.6%,10.1%
East Machias,Washington,"1,355","1,316","1,341","1,386","1,415","1,426","1,423",-2.9%,1.9%,3.4%,2.1%,0.8%,-0.2%,6.1%
Eastport,Washington,"1,317","1,273","1,302","1,357","1,392","1,409","1,412",-3.3%,2.3%,4.2%,2.6%,1.2%,0.2%,8.4%
Grand Lake Stream plantation,Washington,112,121,130,141,149,155,160,8.0%,7.4%,8.5%,5.7%,4.0%,3.2%,23.1%
Harrington,Washington,991,961,970,999,"1,013","1,014","1,005",-3.0%,0.9%,3.0%,1.4%,0.1%,-0.9%,3.6%
Jonesboro,Washington,582,572,600,640,673,698,716,-1.7%,4.9%,6.7%,5.2%,3.7%,2.6%,19.3%
Jonesport,Washington,"1,345","1,273","1,261","1,299","1,320","1,324","1,314",-5.4%,-0.9%,3.0%,1.6%,0.3%,-0.8%,4.2%
Lubec,Washington,"1,331","1,235","1,246","1,283","1,301","1,301","1,289",-7.2%,0.9%,3.0%,1.4%,0.0%,-0.9%,3.5%
Machias,Washington,"2,233","2,187","2,067","2,164","2,224","2,255","2,264",-2.1%,-5.5%,4.7%,2.8%,1.4%,0.4%,9.5%
Machiasport,Washington,"1,113",949,"1,010","1,049","1,073","1,083","1,082",-14.7%,6.4%,3.9%,2.3%,0.9%,-0.1%,7.1%
Marshfield,Washington,527,524,532,550,559,560,556,-0.6%,1.5%,3.4%,1.6%,0.2%,-0.7%,4.5%
Meddybemps,Washington,153,140,137,135,131,126,119,-8.5%,-2.1%,-1.5%,-3.0%,-3.8%,-5.6%,-13.1%
Milbridge,Washington,"1,363","1,321","1,391","1,465","1,518","1,552","1,570",-3.1%,5.3%,5.3%,3.6%,2.2%,1.2%,12.9%
Northfield,Washington,155,168,181,199,213,225,234,8.4%,7.7%,9.9%,7.0%,5.6%,4.0%,29.3%
North Washington UT,Washington,499,497,509,528,538,541,539,-0.4%,2.4%,3.7%,1.9%,0.6%,-0.4%,5.9%
Passamaquoddy Indian Township Reservation,Washington,723,734,771,826,865,894,914,1.5%,5.0%,7.1%,4.7%,3.4%,2.2%,18.5%
Passamaquoddy Pleasant Point Reservation,Washington,734,695,698,718,727,727,719,-5.3%,0.4%,2.9%,1.3%,0.0%,-1.1%,3.0%
Pembroke,Washington,824,785,792,816,826,826,817,-4.7%,0.9%,3.0%,1.2%,0.0%,-1.1%,3.2%
Perry,Washington,885,837,808,800,781,751,713,-5.4%,-3.5%,-1.0%,-2.4%,-3.8%,-5.1%,-11.8%
Princeton,Washington,809,755,758,776,785,783,773,-6.7%,0.4%,2.4%,1.2%,-0.3%,-1.3%,2.0%
Robbinston,Washington,560,530,553,600,636,665,688,-5.4%,4.3%,8.5%,6.0%,4.6%,3.5%,24.4%
Roque Bluffs,Washington,301,291,304,320,335,346,353,-3.3%,4.5%,5.3%,4.7%,3.3%,2.0%,16.1%
Steuben,Washington,"1,119","1,111","1,152","1,214","1,259","1,288","1,304",-0.7%,3.7%,5.4%,3.7%,2.3%,1.2%,13.2%
Talmadge,Washington,65,67,69,73,75,76,76,3.1%,3.0%,5.8%,2.7%,1.3%,0.0%,10.1%
Topsfield,Washington,222,192,182,177,171,162,151,-13.5%,-5.2%,-2.7%,-3.4%,-5.3%,-6.8%,-17.0%
Vanceboro,Washington,132,114,105,98,90,80,70,-13.6%,-7.9%,-6.7%,-8.2%,-11.1%,-12.5%,-33.3%
Waite,Washington,93,75,66,59,52,44,35,-19.4%,-12.0%,-10.6%,-11.9%,-15.4%,-20.5%,-47.0%
Wesley,Washington,103,113,123,137,148,157,164,9.7%,8.8%,11.4%,8.0%,6.1%,4.5%,33.3%
Whiting,Washington,488,477,490,519,539,552,560,-2.3%,2.7%,5.9%,3.9%,2.4%,1.4%,14.3%
Whitneyville,Washington,213,202,209,224,235,244,251,-5.2%,3.5%,7.2%,4.9%,3.8%,2.9%,20.1%
Acton,York,"2,506","2,617","2,716","2,799","2,848","2,861","2,839",4.4%,3.8%,3.1%,1.8%,0.5%,-0.8%,4.5%
Alfred,York,"3,038","3,050","3,200","3,290","3,385","3,438","3,451",0.4%,4.9%,2.8%,2.9%,1.6%,0.4%,7.8%
Arundel,York,"4,064","4,136","4,435","4,727","4,983","5,183","5,324",1.8%,7.2%,6.6%,5.4%,4.0%,2.7%,20.0%
Berwick,York,"7,451","7,665","8,195","8,680","9,085","9,383","9,575",2.9%,6.9%,5.9%,4.7%,3.3%,2.0%,16.8%
Biddeford,York,"21,551","22,245","22,463","23,082","23,191","22,984","22,501",3.2%,1.0%,2.8%,0.5%,-0.9%,-2.1%,0.2%
Buxton,York,"8,079","8,269","8,508","8,681","8,759","8,718","8,574",2.4%,2.9%,2.0%,0.9%,-0.5%,-1.7%,0.8%
Cornish,York,"1,431","1,466","1,550","1,647","1,727","1,786","1,825",2.4%,5.7%,6.3%,4.9%,3.4%,2.2%,17.7%
Dayton,York,"2,012","2,072","2,181","2,279","2,353","2,397","2,414",3.0%,5.3%,4.5%,3.2%,1.9%,0.7%,10.7%
Eliot,York,"6,175","6,346","7,160","7,640","8,183","8,638","8,999",2.8%,12.8%,6.7%,7.1%,5.6%,4.2%,25.7%
Hollis,York,"4,320","4,580","4,888","5,146","5,355","5,500","5,583",6.0%,6.7%,5.3%,4.1%,2.7%,1.5%,14.2%
Kennebunk,York,"10,915","11,340","11,866","12,341","12,728","12,955","13,033",3.9%,4.6%,4.0%,3.1%,1.8%,0.6%,9.8%
Kennebunkport,York,"3,491","3,580","3,697","3,795","3,853","3,860","3,821",2.5%,3.3%,2.7%,1.5%,0.2%,-1.0%,3.4%
Kittery,York,"9,641","9,941","10,238","10,544","10,722","10,760","10,671",3.1%,3.0%,3.0%,1.7%,0.4%,-0.8%,4.2%
Lebanon,York,"6,125","6,306","6,644","6,949","7,189","7,340","7,406",3.0%,5.4%,4.6%,3.5%,2.1%,0.9%,11.5%
Limerick,York,"2,941","3,056","3,436","3,764","4,123","4,441","4,712",3.9%,12.4%,9.5%,9.5%,7.7%,6.1%,37.1%
Limington,York,"3,729","3,787","4,034","4,266","4,474","4,629","4,731",1.6%,6.5%,5.8%,4.9%,3.5%,2.2%,17.3%
Lyman,York,"4,370","4,439","4,615","4,744","4,827","4,847","4,810",1.6%,4.0%,2.8%,1.7%,0.4%,-0.8%,4.2%
Newfield,York,"1,556","1,620","1,664","1,701","1,713","1,702","1,670",4.1%,2.7%,2.2%,0.7%,-0.6%,-1.9%,0.4%
North Berwick,York,"4,662","4,863","5,146","5,361","5,544","5,658","5,708",4.3%,5.8%,4.2%,3.4%,2.1%,0.9%,10.9%
Ogunquit,York,"1,052","1,388","1,600","1,803","1,972","2,121","2,248",31.9%,15.3%,12.7%,9.4%,7.6%,6.0%,40.5%
Old Orchard Beach,York,"8,620","8,794","9,303","9,798","10,240","10,561","10,762",2.0%,5.8%,5.3%,4.5%,3.1%,1.9%,15.7%
Parsonsfield,York,"1,858","1,821","1,815","1,804","1,775","1,721","1,645",-2.0%,-0.3%,-0.6%,-1.6%,-3.0%,-4.4%,-9.4%
Saco,York,"18,832","19,768","20,883","21,984","22,847","23,433","23,752",5.0%,5.6%,5.3%,3.9%,2.6%,1.4%,13.7%
Sanford,York,"21,039","21,609","22,243","22,670","22,821","22,663","22,232",2.7%,2.9%,1.9%,0.7%,-0.7%,-1.9%,0.0%
Shapleigh,York,"2,706","2,835","2,987","3,134","3,245","3,317","3,351",4.8%,5.4%,4.9%,3.5%,2.2%,1.0%,12.2%
South Berwick,York,"7,221","7,372","7,672","7,901","8,073","8,141","8,114",2.1%,4.1%,3.0%,2.2%,0.8%,-0.3%,5.8%
Waterboro,York,"7,707","7,796","8,085","8,330","8,482","8,522","8,463",1.2%,3.7%,3.0%,1.8%,0.5%,-0.7%,4.7%
Wells,York,"9,863","10,752","11,733","12,620","13,394","14,019","14,488",9.0%,9.1%,7.6%,6.1%,4.7%,3.3%,23.5%
York,York,"12,706","13,313","13,993","14,441","14,742","14,852","14,789",4.8%,5.1%,3.2%,2.1%,0.7%,-0.4%,5.7%
*Locations with fewer than 10 people in any of the projection years have been removed from the final projections. Totals may not equal county totals.,,,,,,,,,,,,,,,
